name,category,brand,price,mode,unit,url
 Granulated Sugar,Baking,Best Yet,1.89,weight,each,https://centralsquare.dailytable.org/store/daily-table-central-square/product/4218700199
 Evaporated Milk,Baking,Best Yet,1.29,weight,each,https://centralsquare.dailytable.org/store/daily-table-central-square/product/8d8cc088
 Light Brown Sugar,Baking,Best Yet,2.69,weight,each,https://centralsquare.dailytable.org/store/daily-table-central-square/product/4218740804
 Plain Bread Crumbs,Baking,Best Yet,1.59,weight,each,https://centralsquare.dailytable.org/store/daily-table-central-square/product/4218720425
 Coconut Milk Leche de Coco,Baking,Madame Gougousse,1.29,weight,each,https://centralsquare.dailytable.org/store/daily-table-central-square/product/d371181a
 Complete Pancake and Waffle Mix,Baking,Best Yet,2.39,weight,each,https://centralsquare.dailytable.org/store/daily-table-central-square/product/c886039e
 Plain Bread Crumbs,Baking,Best Yet,1.59,weight,each,https://centralsquare.dailytable.org/store/daily-table-central-square/product/60259f31
 Baking Soda 16 oz,Baking,Arm and Hammer,0.99,weight,each,https://centralsquare.dailytable.org/store/daily-table-central-square/product/51a73f7b
 Corn Starch 14.1 oz,Baking,Maizena,1.49,weight,each,https://centralsquare.dailytable.org/store/daily-table-central-square/product/813f6478
 Plain Bread Crumbs 24 oz,Baking,Cento,2.29,weight,each,https://centralsquare.dailytable.org/store/daily-table-central-square/product/1d7b66f4
 Seasoned Bread Crumbs 24 oz,Baking,Cento,2.29,weight,each,https://centralsquare.dailytable.org/store/daily-table-central-square/product/8cd1cfc4
 Complete Pancake Mix ,Baking,Best Yet,2.39,weight,each,https://centralsquare.dailytable.org/store/daily-table-central-square/product/4218740714
 All Purpose Flour,Baking,Best Yet,3.59,weight,each,https://centralsquare.dailytable.org/store/daily-table-central-square/product/4218741359
 Sourdough Sliced Bread,Bread,Jessica's,1.99,weight,each,https://centralsquare.dailytable.org/store/daily-table-central-square/product/872410003083
 Tuscan Wheat Sliced Bread,Bread,Jessica's,1.99,weight,each,https://centralsquare.dailytable.org/store/daily-table-central-square/product/872410003250
 Tuscan White Sliced Bread,Bread,Jessica's,1.99,weight,each,https://centralsquare.dailytable.org/store/daily-table-central-square/product/872410001300
 Split Top Wheat Bread,Bread,Holsum,2.49,weight,each,https://centralsquare.dailytable.org/store/daily-table-central-square/product/070821000046
 White Bread,Bread,Holsum,2.49,weight,each,https://centralsquare.dailytable.org/store/daily-table-central-square/product/070821000565
 Bagels Blueberry,Buns & Rolls,Zeppy's,2.49,weight,each,https://centralsquare.dailytable.org/store/daily-table-central-square/product/023698102207
 Bagels Everything,Buns & Rolls,Zeppy's,2.49,weight,each,https://centralsquare.dailytable.org/store/daily-table-central-square/product/023698100173
 Frankfurter Buns 8 ct,Buns & Rolls,Holsum,2.29,weight,each,https://centralsquare.dailytable.org/store/daily-table-central-square/product/6f2fb2e9
 Hamburger Buns 8 ct,Buns & Rolls,Holsum,2.29,weight,each,https://centralsquare.dailytable.org/store/daily-table-central-square/product/deb25ef8
 Kaiser Whole Wheat Rolls,Buns & Rolls,Calise Bakery,3.49,weight,each,https://centralsquare.dailytable.org/store/daily-table-central-square/product/075199011304
 Plain Bagels,Buns & Rolls,Zeppy's,2.49,weight,each,https://centralsquare.dailytable.org/store/daily-table-central-square/product/023698100043
" Chick Peas Garbanzos, Reduced Sodium","Canned Beans, Fruit & Veg",Goya,0.99,weight,each,https://centralsquare.dailytable.org/store/daily-table-central-square/product/041331123334
 Tomato Paste ,"Canned Beans, Fruit & Veg",Goya,0.89,weight,each,https://centralsquare.dailytable.org/store/daily-table-central-square/product/041331039697
 Green Pigeon Peas,"Canned Beans, Fruit & Veg",Goya,1.29,weight,each,https://centralsquare.dailytable.org/store/daily-table-central-square/product/041331120012
 Chick Peas Garbanzos,"Canned Beans, Fruit & Veg",Goya,0.99,weight,each,https://centralsquare.dailytable.org/store/daily-table-central-square/product/041331124225
 Red Kidney Beans,"Canned Beans, Fruit & Veg",Goya,1.19,weight,each,https://centralsquare.dailytable.org/store/daily-table-central-square/product/041331124027
 Small Red Beans,"Canned Beans, Fruit & Veg",Goya,1.19,weight,each,https://centralsquare.dailytable.org/store/daily-table-central-square/product/041331124201
 Black Beans Low Sodium,"Canned Beans, Fruit & Veg",Goya,0.99,weight,each,https://centralsquare.dailytable.org/store/daily-table-central-square/product/041331123327
 Crushed Tomato,"Canned Beans, Fruit & Veg",Napoli,1.99,weight,each,https://centralsquare.dailytable.org/store/daily-table-central-square/product/78225301062
 Black Beans,"Canned Beans, Fruit & Veg",Goya,0.99,weight,each,https://centralsquare.dailytable.org/store/daily-table-central-square/product/041331124669
 Peeled Tomato,"Canned Beans, Fruit & Veg",Napoli Italian,1.99,weight,each,https://centralsquare.dailytable.org/store/daily-table-central-square/product/6439ad94
 Whole Peeled Tomatoes ,"Canned Beans, Fruit & Veg",Best Yet,1.79,weight,each,https://centralsquare.dailytable.org/store/daily-table-central-square/product/4218720185
 Whole Kernel Sweet Corn,"Canned Beans, Fruit & Veg",Best Yet,0.99,weight,each,https://centralsquare.dailytable.org/store/daily-table-central-square/product/4218740601
 Tomato Paste,"Canned Beans, Fruit & Veg",Best Yet,0.69,weight,each,https://centralsquare.dailytable.org/store/daily-table-central-square/product/4218740625
 Pinto Beans,"Canned Beans, Fruit & Veg",Best Yet,0.99,weight,each,https://centralsquare.dailytable.org/store/daily-table-central-square/product/4218740658
 Garbanzo Beans,"Canned Beans, Fruit & Veg",Best Yet,0.99,weight,each,https://centralsquare.dailytable.org/store/daily-table-central-square/product/4218740598
 Whole Kernel Corn No Salt Added,"Canned Beans, Fruit & Veg",Best Yet,0.79,weight,each,https://centralsquare.dailytable.org/store/daily-table-central-square/product/6d20fd28
 Cut Wax Beans,"Canned Beans, Fruit & Veg",Best Yet,0.89,weight,each,https://centralsquare.dailytable.org/store/daily-table-central-square/product/4218740629
 Black Beans,"Canned Beans, Fruit & Veg",Best Yet,0.99,weight,each,https://centralsquare.dailytable.org/store/daily-table-central-square/product/9429cf66
 Diced Tomatoes,"Canned Beans, Fruit & Veg",Best Yet,0.89,weight,each,https://centralsquare.dailytable.org/store/daily-table-central-square/product/4218745009
 Jalapeno Peppers,"Canned Beans, Fruit & Veg",Napoli,2.59,weight,each,https://centralsquare.dailytable.org/store/daily-table-central-square/product/20b49049
 Small White Beans,"Canned Beans, Fruit & Veg",Goya,1.19,weight,each,https://centralsquare.dailytable.org/store/daily-table-central-square/product/041331124126
 Chunk Lite Tuna in Water,Canned Meat & Seafood,Best Yet,0.99,weight,each,https://centralsquare.dailytable.org/store/daily-table-central-square/product/4218742597
 Flat Anchovies,Canned Meat & Seafood,Crown Prince,1.99,weight,each,https://centralsquare.dailytable.org/store/daily-table-central-square/product/073230000317
 Chunk Lite Tuna,Canned Meat & Seafood,Bumblebee,1.19,weight,each,https://centralsquare.dailytable.org/store/daily-table-central-square/product/251c6996
 Sardines in Water 4.25 oz,Canned Meat & Seafood,Crown Prince,1.19,weight,each,https://centralsquare.dailytable.org/store/daily-table-central-square/product/0c302dea
 Salmon Fillets Lemon Pepper 3.75oz,Canned Meat & Seafood,Poseidon,0.99,weight,each,https://centralsquare.dailytable.org/store/daily-table-central-square/product/850018470124
 Granola Cinnamon Raisin,Cereal,Jeff's,2.99,weight,each,https://centralsquare.dailytable.org/store/daily-table-central-square/product/5237a50c
 Quick 5-Minute Grits,Cereal,Quaker,2.49,weight,each,https://centralsquare.dailytable.org/store/daily-table-central-square/product/8529f3d3
 Quick Oats,Cereal,Best Yet,2.49,weight,each,https://centralsquare.dailytable.org/store/daily-table-central-square/product/042187408873
 Old Fashioned Oats,Cereal,Best Yet,2.49,weight,each,https://centralsquare.dailytable.org/store/daily-table-central-square/product/4218740727
 Honey Oats & Flakes,Cereal,Best Yet,2.49,weight,each,https://centralsquare.dailytable.org/store/daily-table-central-square/product/4218754156
 Bran Flakes,Cereal,Best Yet,2.29,weight,each,https://centralsquare.dailytable.org/store/daily-table-central-square/product/4218740897
 Granola Maple Raisin,Cereal,Jeff's,2.99,weight,each,https://centralsquare.dailytable.org/store/daily-table-central-square/product/c8805530
 Fontina Cheese,Cheese,BelGioioso,4.49,weight,each,https://centralsquare.dailytable.org/store/daily-table-central-square/product/031142534924
 Fresco Cheese,Cheese,Que Gusto,3.49,weight,each,https://centralsquare.dailytable.org/store/daily-table-central-square/product/036929339778
 Cotija Cheese,Cheese,Que Gusto,3.99,weight,each,https://centralsquare.dailytable.org/store/daily-table-central-square/product/036929339754
 Baby Brie,Cheese,Eiffel Tower,3.99,weight,each,https://centralsquare.dailytable.org/store/daily-table-central-square/product/071270351970
 Goat Cheese,Cheese,Chevre,3.69,weight,each,https://centralsquare.dailytable.org/store/daily-table-central-square/product/711565114568
Belgioioso Parmesan Cheese Wedge,Cheese,BelGioioso,4.49,weight,each,https://centralsquare.dailytable.org/store/daily-table-central-square/product/031142523850
 Fresh Mozzarella Cheese Ball,Cheese,BelGioioso,3.99,weight,each,https://centralsquare.dailytable.org/store/daily-table-central-square/product/031142000887
" Pita Chips, Sea Salt 7 oz",Chips & Popcorn,Brewer's,2.99,weight,each,https://centralsquare.dailytable.org/store/daily-table-central-square/product/57a4b843
 White Cheddar,Chips & Popcorn,Pirate's Booty,0.69,weight,each,https://centralsquare.dailytable.org/store/daily-table-central-square/product/5fab297a
 Lemon Snaps,Cookies,Stauffer's,3.29,weight,each,https://centralsquare.dailytable.org/store/daily-table-central-square/product/e0a46b80
 Ginger Snaps,Cookies,Stauffer's,3.29,weight,each,https://centralsquare.dailytable.org/store/daily-table-central-square/product/34d8ab5f
  Campechana Cookies,Cookies,Cuetara,0.89,weight,each,https://centralsquare.dailytable.org/store/daily-table-central-square/product/8434165470439
 Maria Cookies,Cookies,Cuetara,0.69,weight,each,https://centralsquare.dailytable.org/store/daily-table-central-square/product/4a95420d
 Apple Cider Vinegar,Cooking Oils & Vinegars,Best Yet,1.59,weight,each,https://centralsquare.dailytable.org/store/daily-table-central-square/product/4218740884
 Extra Virgin Olive Oil,Cooking Oils & Vinegars,Best Yet,4.99,weight,each,https://centralsquare.dailytable.org/store/daily-table-central-square/product/4218741139
 Pure Olive Oil,Cooking Oils & Vinegars,Best Yet,4.99,weight,each,https://centralsquare.dailytable.org/store/daily-table-central-square/product/4218700429
 Red Wine Vinegar,Cooking Oils & Vinegars,Best Yet,0.99,weight,each,https://centralsquare.dailytable.org/store/daily-table-central-square/product/4218702727
 Vegetable Oil,Cooking Oils & Vinegars,Best Yet,4.49,weight,each,https://centralsquare.dailytable.org/store/daily-table-central-square/product/042187407449
 Canola Oil,Cooking Oils & Vinegars,Best Yet,3.99,weight,each,https://centralsquare.dailytable.org/store/daily-table-central-square/product/aeb62003
 Distilled White Vinegar,Cooking Oils & Vinegars,Best Yet,1.29,weight,each,https://centralsquare.dailytable.org/store/daily-table-central-square/product/4218740882
Club Crackers Original,Crackers,Keebler,3.99,weight,each,https://centralsquare.dailytable.org/store/daily-table-central-square/product/030100100577
Cheez It Original,Crackers,Cheez-It,3.99,weight,each,https://centralsquare.dailytable.org/store/daily-table-central-square/product/024100106851
Club Crackers Multi Grain,Crackers,Keebler,3.99,weight,each,https://centralsquare.dailytable.org/store/daily-table-central-square/product/030100100683
 Original Hummus,Dips and Spreads,Athenos,2.49,weight,each,https://centralsquare.dailytable.org/store/daily-table-central-square/product/1494fb74
 Sicilian Vinaigrette,Dips and Spreads,Cindy's,1.99,weight,each,https://centralsquare.dailytable.org/store/daily-table-central-square/product/1091ed08
 Citrus Beet Vinaigrette,Dips and Spreads,Cindy's,1.99,weight,each,https://centralsquare.dailytable.org/store/daily-table-central-square/product/b0a9430d
" Queso Style Plant Based Dip, Dairy Free",Dips and Spreads,Cindy's,0.99,weight,each,https://centralsquare.dailytable.org/store/daily-table-central-square/product/81ced1f1
 Traditional Mild Salsa,Dips and Spreads,Cacique,2.99,weight,each,https://centralsquare.dailytable.org/store/daily-table-central-square/product/074562701507
 Homestyle Hot Salsa,Dips and Spreads,Cacique,2.99,weight,each,https://centralsquare.dailytable.org/store/daily-table-central-square/product/074562701521
 Red Devil Hot Sauce,"Dressings, Sauces & Condiments",Trappey's,1.79,weight,each,https://centralsquare.dailytable.org/store/daily-table-central-square/product/748159107323
 Lemon Peppercorn & Parmesan Dip,"Dressings, Sauces & Condiments",Cindy's,0.99,weight,each,https://centralsquare.dailytable.org/store/daily-table-central-square/product/814453023291
 Kitchen Coconut & Lime Sauce 8oz,"Dressings, Sauces & Condiments",Cindy's,0.99,weight,each,https://centralsquare.dailytable.org/store/daily-table-central-square/product/ea769232
 Kitchen Chinese Black Pepper Sauce,"Dressings, Sauces & Condiments",Cindy's,0.99,weight,each,https://centralsquare.dailytable.org/store/daily-table-central-square/product/088810d5
 Kitchen Honey Sriracha Sauce,"Dressings, Sauces & Condiments",Cindy's,0.99,weight,each,https://centralsquare.dailytable.org/store/daily-table-central-square/product/fe58b3f9
 Market Organic Maple Syrup,"Dressings, Sauces & Condiments",Full Circle,7.99,weight,each,https://centralsquare.dailytable.org/store/daily-table-central-square/product/80200166
 Jerk Seasoning,"Dressings, Sauces & Condiments",Spur Tree,3.79,weight,each,https://centralsquare.dailytable.org/store/daily-table-central-square/product/6e40a1d3
 Curry Seasoning,"Dressings, Sauces & Condiments",Spur Tree,3.79,weight,each,https://centralsquare.dailytable.org/store/daily-table-central-square/product/b42c93c5
 Deeply Roasted Sesame Japanese Style Dressing/Marinade,"Dressings, Sauces & Condiments",Cindy's,1.99,weight,each,https://centralsquare.dailytable.org/store/daily-table-central-square/product/034683363381
 Light Ranch Dressing,"Dressings, Sauces & Condiments",Best Yet,1.99,weight,each,https://centralsquare.dailytable.org/store/daily-table-central-square/product/4218751024
 Classic Yellow Mustard,"Dressings, Sauces & Condiments",Best Yet,1.49,weight,each,https://centralsquare.dailytable.org/store/daily-table-central-square/product/4218740498
 Honey Mustard Dressing,"Dressings, Sauces & Condiments",Best Yet,1.99,weight,each,https://centralsquare.dailytable.org/store/daily-table-central-square/product/4218751033
 Herb & Garlic Marinade,"Dressings, Sauces & Condiments",Best Yet,1.69,weight,each,https://centralsquare.dailytable.org/store/daily-table-central-square/product/4218750368
 Lite Italian Dressing,"Dressings, Sauces & Condiments",Best Yet,1.99,weight,each,https://centralsquare.dailytable.org/store/daily-table-central-square/product/4218750999
 Pasta Sauce Tomato & Basil Bombolina,"Dressings, Sauces & Condiments",Newman's Own,2.99,weight,each,https://centralsquare.dailytable.org/store/daily-table-central-square/product/020662006196
 Mild Salsa,"Dressings, Sauces & Condiments",Newman's Own,2.99,weight,each,https://centralsquare.dailytable.org/store/daily-table-central-square/product/020662000958
 Medium Salsa,"Dressings, Sauces & Condiments",Newman's Own,2.99,weight,each,https://centralsquare.dailytable.org/store/daily-table-central-square/product/020662000965
 Marinara Sauce,"Dressings, Sauces & Condiments",Newman's Own,2.99,weight,each,https://centralsquare.dailytable.org/store/daily-table-central-square/product/020662006134
 Roasted Red Peppers,"Dressings, Sauces & Condiments",Napoli,1.99,weight,each,https://centralsquare.dailytable.org/store/daily-table-central-square/product/78225300210
 Chopped Garlic,"Dressings, Sauces & Condiments",La Triguena,1.49,weight,each,https://centralsquare.dailytable.org/store/daily-table-central-square/product/0cbf037f
 Less Sodium Soy Sauce,"Dressings, Sauces & Condiments",Kikkoman,2.99,weight,each,https://centralsquare.dailytable.org/store/daily-table-central-square/product/041390001055
 Hot Salsa Sauce,"Dressings, Sauces & Condiments",Best Yet,1.99,weight,each,https://centralsquare.dailytable.org/store/daily-table-central-square/product/4218754029
 Low Sodium Soy Sauce,"Dressings, Sauces & Condiments",Best Yet,1.99,weight,each,https://centralsquare.dailytable.org/store/daily-table-central-square/product/4218700257
 Citrus Beet Vinaigrette,"Dressings, Sauces & Condiments",Cindy's,1.49,weight,each,https://centralsquare.dailytable.org/store/daily-table-central-square/product/814453021532
 Medium Salsa Sauce,"Dressings, Sauces & Condiments",Best Yet,1.99,weight,each,https://centralsquare.dailytable.org/store/daily-table-central-square/product/4218754038
 Salsa Picante Hot Sauce,"Dressings, Sauces & Condiments",Goya,1.99,weight,each,https://centralsquare.dailytable.org/store/daily-table-central-square/product/041331038591
" Salad Olives, Reduced Sodium","Dressings, Sauces & Condiments",Goya,2.59,weight,each,https://centralsquare.dailytable.org/store/daily-table-central-square/product/041331015134
 Mayonnaise,"Dressings, Sauces & Condiments",Best Yet,3.99,weight,each,https://centralsquare.dailytable.org/store/daily-table-central-square/product/4218733866
 Pizza Sauce Original,"Dressings, Sauces & Condiments",Furmano's,1.49,weight,each,https://centralsquare.dailytable.org/store/daily-table-central-square/product/041188042628
 Classic Yellow Mustard,"Dressings, Sauces & Condiments",French's,1.99,weight,each,https://centralsquare.dailytable.org/store/daily-table-central-square/product/041500756776
Frank's Original Red Hot Sauce,"Dressings, Sauces & Condiments",Frank's Red Hot,3.59,weight,each,https://centralsquare.dailytable.org/store/daily-table-central-square/product/041500805023
 Spagetti Sauce with Meat,"Dressings, Sauces & Condiments",Del Monte,1.29,weight,each,https://centralsquare.dailytable.org/store/daily-table-central-square/product/024000523673
 Pasta Sauce Traditional,"Dressings, Sauces & Condiments",Del Monte,1.29,weight,each,https://centralsquare.dailytable.org/store/daily-table-central-square/product/024000523635
 Szechuan Peanut Sauce,"Dressings, Sauces & Condiments",Culinary Tours,4.49,weight,each,https://centralsquare.dailytable.org/store/daily-table-central-square/product/1122519146
" Pimiento Stuffed Olives, Reduced Sodium","Dressings, Sauces & Condiments",Goya,2.99,weight,each,https://centralsquare.dailytable.org/store/daily-table-central-square/product/041331015110
 Original Steak Sauce,"Dressings, Sauces & Condiments",Best Yet,1.99,weight,each,https://centralsquare.dailytable.org/store/daily-table-central-square/product/4218740479
 Tartar Sauce,"Dressings, Sauces & Condiments",Best Yet,1.79,weight,each,https://centralsquare.dailytable.org/store/daily-table-central-square/product/4218742633
 Teriyaki Sauce,"Dressings, Sauces & Condiments",Best Yet,1.99,weight,each,https://centralsquare.dailytable.org/store/daily-table-central-square/product/4218740557
 Tomato Ketchup,"Dressings, Sauces & Condiments",Best Yet,1.49,weight,each,https://centralsquare.dailytable.org/store/daily-table-central-square/product/4218741807
 Worcestershire Sauce,"Dressings, Sauces & Condiments",Best Yet,1.99,weight,each,https://centralsquare.dailytable.org/store/daily-table-central-square/product/4218740496
Extra Large Cage Free Brown Eggs,Eggs,,4.29,weight,each,https://centralsquare.dailytable.org/store/daily-table-central-square/product/bec34a0c
Large Cage Free Brown Eggs,Eggs,Martin's,3.99,weight,each,https://centralsquare.dailytable.org/store/daily-table-central-square/product/638d9750
Extra Large Cage Free White Eggs,Eggs,Mitlitsky,3.99,weight,each,https://centralsquare.dailytable.org/store/daily-table-central-square/product/763eb641
Large Cage Free White Eggs,Eggs,Mitlitsky,3.69,weight,each,https://centralsquare.dailytable.org/store/daily-table-central-square/product/039222000031
Raspberries,Fresh Fruits,,3.99,weight,each,https://centralsquare.dailytable.org/store/daily-table-central-square/product/4054
Red Seedless Grapes,Fresh Fruits,,1.49,weight,lb,https://centralsquare.dailytable.org/store/daily-table-central-square/product/4635
Strawberries,Fresh Fruits,,3.49,weight,each,https://centralsquare.dailytable.org/store/daily-table-central-square/product/4323
Black Seedless Grapes,Fresh Fruits,,2.99,weight,lb,https://centralsquare.dailytable.org/store/daily-table-central-square/product/4056
Blackberries,Fresh Fruits,,3.49,weight,each,https://centralsquare.dailytable.org/store/daily-table-central-square/product/cb61fbcb
Personal Watermelon,Fresh Fruits,,1.99,weight,each,https://centralsquare.dailytable.org/store/daily-table-central-square/product/23ecd3f4
Bananas,Fresh Fruits,,0.39,weight,lb,https://centralsquare.dailytable.org/store/daily-table-central-square/product/4011
Blueberries (11 oz),Fresh Fruits,Driscoll's,3.99,weight,each,https://centralsquare.dailytable.org/store/daily-table-central-square/product/4240
Cantaloupe Melon,Fresh Fruits,,2.89,weight,each,https://centralsquare.dailytable.org/store/daily-table-central-square/product/4319
Clementines (3 lb bag),Fresh Fruits,,5.99,weight,each,https://centralsquare.dailytable.org/store/daily-table-central-square/product/3384
Plantains,Fresh Fruits,,0.59,weight,each,https://centralsquare.dailytable.org/store/daily-table-central-square/product/4235
Fuji Apples,Fresh Fruits,,1.59,weight,lb,https://centralsquare.dailytable.org/store/daily-table-central-square/product/4131
Granny Smith Apples,Fresh Fruits,,1.59,weight,lb,https://centralsquare.dailytable.org/store/daily-table-central-square/product/4139
Pineapple,Fresh Fruits,,2.49,weight,each,https://centralsquare.dailytable.org/store/daily-table-central-square/product/4430
Kiwi,Fresh Fruits,,0.59,weight,each,https://centralsquare.dailytable.org/store/daily-table-central-square/product/4030
Lemons,Fresh Fruits,,0.49,weight,each,https://centralsquare.dailytable.org/store/daily-table-central-square/product/4958
Limes,Fresh Fruits,,0.35,weight,each,https://centralsquare.dailytable.org/store/daily-table-central-square/product/4048
Mandarin Oranges / Stem & Leaf Satsumas,Fresh Fruits,,0.39,weight,lb,https://centralsquare.dailytable.org/store/daily-table-central-square/product/3389
Mangoes,Fresh Fruits,,0.99,weight,each,https://centralsquare.dailytable.org/store/daily-table-central-square/product/4959
Navel Oranges,Fresh Fruits,,0.69,weight,each,https://centralsquare.dailytable.org/store/daily-table-central-square/product/3107
Gala Apples,Fresh Fruits,,1.29,weight,lb,https://centralsquare.dailytable.org/store/daily-table-central-square/product/4135
Papayas,Fresh Fruits,,1.29,weight,lb,https://centralsquare.dailytable.org/store/daily-table-central-square/product/4395
Avocados,Fresh Fruits,,0.99,weight,each,https://centralsquare.dailytable.org/store/daily-table-central-square/product/4223
Green Seedless Grapes,Fresh Fruits,,1.49,weight,lb,https://centralsquare.dailytable.org/store/daily-table-central-square/product/4498
Green Pears,Fresh Fruits,,1.49,weight,lb,https://centralsquare.dailytable.org/store/daily-table-central-square/product/4024
Grapefruit,Fresh Fruits,,1.29,weight,each,https://centralsquare.dailytable.org/store/daily-table-central-square/product/47d71c63
Asian Pears,Fresh Fruits,,1.99,weight,lb,https://centralsquare.dailytable.org/store/daily-table-central-square/product/4408
Beets,Fresh Vegetables,,1.49,weight,lb,https://centralsquare.dailytable.org/store/daily-table-central-square/product/4540
Baby Carrots,Fresh Vegetables,Bolthouse Farms,1.29,weight,each,https://centralsquare.dailytable.org/store/daily-table-central-square/product/033383666020
Broccoli,Fresh Vegetables,,1.69,weight,lb,https://centralsquare.dailytable.org/store/daily-table-central-square/product/4060
Sweet Corn on the Cob,Fresh Vegetables,,0.69,weight,each,https://centralsquare.dailytable.org/store/daily-table-central-square/product/4077
Butternut Squash,Fresh Vegetables,Generic,1.29,weight,lb,https://centralsquare.dailytable.org/store/daily-table-central-square/product/000000047593
Serrano Chili,Fresh Vegetables,,2.29,weight,lb,https://centralsquare.dailytable.org/store/daily-table-central-square/product/4709
Yuca,Fresh Vegetables,,1.29,weight,lb,https://centralsquare.dailytable.org/store/daily-table-central-square/product/e37341d8
Chayote,Fresh Vegetables,,1.99,weight,lb,https://centralsquare.dailytable.org/store/daily-table-central-square/product/805c9792
Malanga Eddoe,Fresh Vegetables,,2.49,weight,lb,https://centralsquare.dailytable.org/store/daily-table-central-square/product/4644
Sweet Potatoes,Fresh Vegetables,,0.69,weight,lb,https://centralsquare.dailytable.org/store/daily-table-central-square/product/3474
Tomato Medley,Fresh Vegetables,,2.99,weight,each,https://centralsquare.dailytable.org/store/daily-table-central-square/product/689259000711
Brussels Sprouts,Fresh Vegetables,PRODUCE UNBRANDED,2.49,weight,lb,https://centralsquare.dailytable.org/store/daily-table-central-square/product/4550
White Mushrooms,Fresh Vegetables,Giorgio,2.29,weight,each,https://centralsquare.dailytable.org/store/daily-table-central-square/product/070475656736
Yellow Onions,Fresh Vegetables,,0.79,weight,lb,https://centralsquare.dailytable.org/store/daily-table-central-square/product/88333371
Yellow Bell Peppers,Fresh Vegetables,PRODUCE UNBRANDED,1.49,weight,lb,https://centralsquare.dailytable.org/store/daily-table-central-square/product/4689
Spaghetti Squash,Fresh Vegetables,,1.29,weight,lb,https://centralsquare.dailytable.org/store/daily-table-central-square/product/ba0d4a51
Kabocha Squash,Fresh Vegetables,,1.49,weight,lb,https://centralsquare.dailytable.org/store/daily-table-central-square/product/ed7811b2
Yellow Squash,Fresh Vegetables,,1.69,weight,lb,https://centralsquare.dailytable.org/store/daily-table-central-square/product/e0aa01f6
Name Blanco,Fresh Vegetables,,1.79,weight,lb,https://centralsquare.dailytable.org/store/daily-table-central-square/product/f3b65658
Scotch Bonnet Pepper,Fresh Vegetables,,4.99,weight,lb,https://centralsquare.dailytable.org/store/daily-table-central-square/product/2f33775b
Orange Bell Peppers,Fresh Vegetables,,1.49,weight,lb,https://centralsquare.dailytable.org/store/daily-table-central-square/product/8dee0b9e
White Onions,Fresh Vegetables,,1.29,weight,lb,https://centralsquare.dailytable.org/store/daily-table-central-square/product/c2df3b0a
Baby Bok Choy,Fresh Vegetables,,1.49,weight,lb,https://centralsquare.dailytable.org/store/daily-table-central-square/product/203f3cda
"Spinach, Bunched",Fresh Vegetables,,1.99,weight,each,https://centralsquare.dailytable.org/store/daily-table-central-square/product/4090
Yukon Gold Potatoes,Fresh Vegetables,,0.59,weight,lb,https://centralsquare.dailytable.org/store/daily-table-central-square/product/7f9aae74
Iceberg Lettuce Head,Fresh Vegetables,,1.99,weight,each,https://centralsquare.dailytable.org/store/daily-table-central-square/product/000651011004
Scallions / Green Onions (bunch),Fresh Vegetables,,0.99,weight,each,https://centralsquare.dailytable.org/store/daily-table-central-square/product/4068
Russet Chef Potatoes,Fresh Vegetables,,0.69,weight,lb,https://centralsquare.dailytable.org/store/daily-table-central-square/product/3414
Tomatoes on the Vine,Fresh Vegetables,HYPERMART,2.49,weight,lb,https://centralsquare.dailytable.org/store/daily-table-central-square/product/4664
Red Potatoes,Fresh Vegetables,,0.69,weight,lb,https://centralsquare.dailytable.org/store/daily-table-central-square/product/4073
Carrots,Fresh Vegetables,,0.69,weight,lb,https://centralsquare.dailytable.org/store/daily-table-central-square/product/4562
Cauliflower,Fresh Vegetables,,2.29,weight,each,https://centralsquare.dailytable.org/store/daily-table-central-square/product/55f667bd
Celery Bunch,Fresh Vegetables,,2.99,weight,each,https://centralsquare.dailytable.org/store/daily-table-central-square/product/4582
Collard Greens,Fresh Vegetables,,1.49,weight,each,https://centralsquare.dailytable.org/store/daily-table-central-square/product/4614
Zucchini Squash,Fresh Vegetables,,1.19,weight,lb,https://centralsquare.dailytable.org/store/daily-table-central-square/product/4067
Eggplant,Fresh Vegetables,,1.29,weight,lb,https://centralsquare.dailytable.org/store/daily-table-central-square/product/4081
Garlic (5-pack),Fresh Vegetables,,1.29,weight,each,https://centralsquare.dailytable.org/store/daily-table-central-square/product/d17e4894
Ginger Root,Fresh Vegetables,PRODUCE UNBRANDED,2.19,weight,lb,https://centralsquare.dailytable.org/store/daily-table-central-square/product/4612
"Grape Tomatoes, pint",Fresh Vegetables,,2.49,weight,each,https://centralsquare.dailytable.org/store/daily-table-central-square/product/4796
Green Asparagus Bunch,Fresh Vegetables,,3.99,weight,each,https://centralsquare.dailytable.org/store/daily-table-central-square/product/3392
Green Bell Peppers,Fresh Vegetables,,1.29,weight,lb,https://centralsquare.dailytable.org/store/daily-table-central-square/product/3119
Romaine Lettuce Hearts,Fresh Vegetables,,2.69,weight,each,https://centralsquare.dailytable.org/store/daily-table-central-square/product/4640
Cucumber,Fresh Vegetables,,0.49,weight,each,https://centralsquare.dailytable.org/store/daily-table-central-square/product/4062
Red Onions,Fresh Vegetables,,1.19,weight,lb,https://centralsquare.dailytable.org/store/daily-table-central-square/product/4082
Red Cabbage,Fresh Vegetables,,0.89,weight,lb,https://centralsquare.dailytable.org/store/daily-table-central-square/product/4554
Red Bell Peppers,Fresh Vegetables,PRODUCE UNBRANDED,1.99,weight,lb,https://centralsquare.dailytable.org/store/daily-table-central-square/product/4688
Portobello Mushrooms,Fresh Vegetables,,1.79,weight,lb,https://centralsquare.dailytable.org/store/daily-table-central-square/product/4650
Green Cabbage,Fresh Vegetables,,0.69,weight,lb,https://centralsquare.dailytable.org/store/daily-table-central-square/product/4069
 Baby Spring Mix,Fresh Vegetables,Little Leaf Farms,1.99,weight,each,https://centralsquare.dailytable.org/store/daily-table-central-square/product/857394006121
 Baby Red & Green Leaf Lettuce,Fresh Vegetables,Little Leaf Farms,1.99,weight,each,https://centralsquare.dailytable.org/store/daily-table-central-square/product/857394006114
 Baby Crispy Green Leaf Lettuce,Fresh Vegetables,Little Leaf Farms,1.99,weight,each,https://centralsquare.dailytable.org/store/daily-table-central-square/product/857394006107
Leeks,Fresh Vegetables,Produce,3.29,weight,each,https://centralsquare.dailytable.org/store/daily-table-central-square/product/4629
Jalapeno Peppers,Fresh Vegetables,,1.99,weight,lb,https://centralsquare.dailytable.org/store/daily-table-central-square/product/4693
 Eggo Homestyle Waffles,Frozen Breakfast,Kellogg's,3.29,weight,each,https://centralsquare.dailytable.org/store/daily-table-central-square/product/038000402609
 Bacon Toaster Scrambles,Frozen Breakfast,Pillsbury,3.99,weight,each,https://centralsquare.dailytable.org/store/daily-table-central-square/product/018000447626
" Frozen Fruit Bars Strawberry, Tangerine, Raspberry",Frozen Fruits & Vegetables,Outshine,6.49,weight,each,https://centralsquare.dailytable.org/store/daily-table-central-square/product/b6c6d3fd
 Frozen Cut Corn,Frozen Fruits & Vegetables,Best Yet,1.49,weight,each,https://centralsquare.dailytable.org/store/daily-table-central-square/product/042187021249
 Frozen Cut Green Beans,Frozen Fruits & Vegetables,Best Yet,1.69,weight,each,https://centralsquare.dailytable.org/store/daily-table-central-square/product/042187201825
" Cut Okra, Frozen",Frozen Fruits & Vegetables,Regal Nonpareil,3.29,weight,each,https://centralsquare.dailytable.org/store/daily-table-central-square/product/67863715680
" California Blend Veggies, Frozen",Frozen Fruits & Vegetables,Regal Nonpareil,3.29,weight,each,https://centralsquare.dailytable.org/store/daily-table-central-square/product/678637154306
 Frozen Stir Fry Vegetables,Frozen Fruits & Vegetables,Best Yet,1.99,weight,each,https://centralsquare.dailytable.org/store/daily-table-central-square/product/042187202235
 Frozen Green Peas,Frozen Fruits & Vegetables,Best Yet,1.49,weight,each,https://centralsquare.dailytable.org/store/daily-table-central-square/product/042187021232
 Frozen Cut Leaf Spinach,Frozen Fruits & Vegetables,Best Yet,1.69,weight,each,https://centralsquare.dailytable.org/store/daily-table-central-square/product/042187205304
 Frozen Green Beans,Frozen Fruits & Vegetables,Regal Nonpareil,2.49,weight,each,https://centralsquare.dailytable.org/store/daily-table-central-square/product/678637153200
 Chicken Taquitos,Frozen Meals,Jose Ole,5.99,weight,each,https://centralsquare.dailytable.org/store/daily-table-central-square/product/073202894531
 Chicken Pot Pie,Frozen Meals,Marie Callender's,3.69,weight,each,https://centralsquare.dailytable.org/store/daily-table-central-square/product/021131501112
 Garden Veggie Burgers 4ct,Frozen Meals,MorningStar Farms,4.49,weight,each,https://centralsquare.dailytable.org/store/daily-table-central-square/product/028989100689
 Mild Jamaican Patties,Frozen Meals,Tower Isle's,5.49,weight,each,https://centralsquare.dailytable.org/store/daily-table-central-square/product/073773123368
 Chicken Potstickers,Frozen Meals,Tai Pei,3.49,weight,each,https://centralsquare.dailytable.org/store/daily-table-central-square/product/47e3cc95
 Bean & Cheese Burrito,Frozen Meals,Tina's,0.69,weight,each,https://centralsquare.dailytable.org/store/daily-table-central-square/product/079606010454
 Beef & Bean Burrito,Frozen Meals,Tina's,0.69,weight,each,https://centralsquare.dailytable.org/store/daily-table-central-square/product/079606010256
 Italian Style Meatballs (Chicken & Beef),Frozen Meat & Seafood,Buona Vita,6.49,weight,each,https://centralsquare.dailytable.org/store/daily-table-central-square/product/743767888923
 Natural Catch Grilled Fillets Garlic Butter,Frozen Meat & Seafood,Gorton's,3.49,weight,each,https://centralsquare.dailytable.org/store/daily-table-central-square/product/044400173001
" 31/40 Cooked Shrimp P&D, 1lb",Frozen Meat & Seafood,Best Yet,7.99,weight,each,https://centralsquare.dailytable.org/store/daily-table-central-square/product/0004218700273
 Shaved Steak,Frozen Meat & Seafood,Old Neighborhood,6.79,weight,each,https://centralsquare.dailytable.org/store/daily-table-central-square/product/52294038832
 Frozen Garlic Garlic Bread,Frozen Snacks & Appetizers,Pepperidge Farm,3.19,weight,each,https://centralsquare.dailytable.org/store/daily-table-central-square/product/051000075468
 Edamame Shelled Soybeans 12 oz. Bag,Frozen Snacks & Appetizers,Seapoint Farms,2.89,weight,each,https://centralsquare.dailytable.org/store/daily-table-central-square/product/711575004910
 Edamame Shelled Soybeans 12 oz. Bag,Frozen Snacks & Appetizers,Seapoint Farms,2.89,weight,each,https://centralsquare.dailytable.org/store/daily-table-central-square/product/711575004910
Beef Sirloin Tip Steak,Meat Counter,,10.99,weight,lb,https://centralsquare.dailytable.org/store/daily-table-central-square/product/20006000687
Beef Strip Steak,Meat Counter,,16.49,weight,lb,https://centralsquare.dailytable.org/store/daily-table-central-square/product/20009301297
Ground Beef 80% Lean,Meat Counter,,5.49,weight,lb,https://centralsquare.dailytable.org/store/daily-table-central-square/product/20101500448
Ground Pork,Meat Counter,,3.99,weight,lb,https://centralsquare.dailytable.org/store/daily-table-central-square/product/fcbd6f4e
 Sliced Bacon,Meat Counter,Jamestown,4.69,weight,each,https://centralsquare.dailytable.org/store/daily-table-central-square/product/070800041039
"Pork Chops, Boneless",Meat Counter,,7.49,weight,lb,https://centralsquare.dailytable.org/store/daily-table-central-square/product/21705800498
 Turkey Polska Kielbasa,Meat Counter,Butterball,3.99,weight,each,https://centralsquare.dailytable.org/store/daily-table-central-square/product/f2a103c4
Beef Hamburger Patties 85/15,Meat Counter,,6.99,weight,each,https://centralsquare.dailytable.org/store/daily-table-central-square/product/1f34882e
Pork Spare Ribs,Meat Counter,,2.99,weight,lb,https://centralsquare.dailytable.org/store/daily-table-central-square/product/7d5352dc
 Maple Boneless Ham Steak,Meat Counter,Smithfield,3.49,weight,each,https://centralsquare.dailytable.org/store/daily-table-central-square/product/37ef6181
 Bun Size Beef Franks Hot Dogs,Meats,Ball Park,4.99,weight,each,https://centralsquare.dailytable.org/store/daily-table-central-square/product/054500193274
 Deli Thin Sliced Honey Ham,Meats,Healthy Ones,3.99,weight,each,https://centralsquare.dailytable.org/store/daily-table-central-square/product/027815179912
 Ultra Thin Roast Beef,Meats,Hillshire Farms,4.99,weight,each,https://centralsquare.dailytable.org/store/daily-table-central-square/product/a5e0c7f9
Hillshire Farm Honey Ham Lower Sodium,Meats,,4.99,weight,each,https://centralsquare.dailytable.org/store/daily-table-central-square/product/933ebc4b
 1% Milk,Milk,Hood,3.99,weight,each,https://centralsquare.dailytable.org/store/daily-table-central-square/product/044100106804
 1% Lowfat Milk,Milk,Hood,2.49,weight,each,https://centralsquare.dailytable.org/store/daily-table-central-square/product/044100102523
 Whole Milk,Milk,Hood,3.99,weight,each,https://centralsquare.dailytable.org/store/daily-table-central-square/product/044100103209
 2%  Milk,Milk,Hood,2.49,weight,each,https://centralsquare.dailytable.org/store/daily-table-central-square/product/044100102936
 Whole Milk,Milk,Hood,2.49,weight,each,https://centralsquare.dailytable.org/store/daily-table-central-square/product/044100101892
 Heavy Cream,Milk,Hood,2.99,weight,each,https://centralsquare.dailytable.org/store/daily-table-central-square/product/f8cf6258
 2% Reduced Fat Milk,Milk,Hood,3.99,weight,each,https://centralsquare.dailytable.org/store/daily-table-central-square/product/044100106521
 Original Unsweetened Almondmilk,Milk Alternatives,Almond Breeze,3.49,weight,each,https://centralsquare.dailytable.org/store/daily-table-central-square/product/041570056707
 Vanilla Unsweetened Almondmilk,Milk Alternatives,Almond Breeze,3.49,weight,each,https://centralsquare.dailytable.org/store/daily-table-central-square/product/041570054161
 2% Reduced Fat Milk,Milk Alternatives,Lactaid,3.99,weight,each,https://centralsquare.dailytable.org/store/daily-table-central-square/product/041383090103
 Whole Milk,Milk Alternatives,Lactaid,3.99,weight,each,https://centralsquare.dailytable.org/store/daily-table-central-square/product/041383090363
 Vanilla Oat Milk ,Milk Alternatives,Planet Oat,3.69,weight,each,https://centralsquare.dailytable.org/store/daily-table-central-square/product/044100156212
 Organic Soy Milk,Milk Alternatives,Rolling Hills Farm,2.99,weight,each,https://centralsquare.dailytable.org/store/daily-table-central-square/product/794031148670
 Organic Vanilla Soy Milk ,Milk Alternatives,Rolling Hills Farm,2.99,weight,each,https://centralsquare.dailytable.org/store/daily-table-central-square/product/079403114874
 Original Oat Milk,Milk Alternatives,Planet Oat,3.69,weight,each,https://centralsquare.dailytable.org/store/daily-table-central-square/product/044100156182
 Bold Sriracha Almonds,Nuts & Dried Fruit,Blue Diamond,3.99,weight,each,https://centralsquare.dailytable.org/store/daily-table-central-square/product/041570110461
 Dry Roasted Peanuts,Nuts & Dried Fruit,Best Yet,2.49,weight,each,https://centralsquare.dailytable.org/store/daily-table-central-square/product/4218740981
 Honey Roasted Peanuts,Nuts & Dried Fruit,Best Yet,2.49,weight,each,https://centralsquare.dailytable.org/store/daily-table-central-square/product/4218701000
 Lightly Salted Roasted Peanuts,Nuts & Dried Fruit,Best Yet,2.49,weight,each,https://centralsquare.dailytable.org/store/daily-table-central-square/product/4218702709
 Honey Roasted Almonds,Nuts & Dried Fruit,Blue Diamond,3.99,weight,each,https://centralsquare.dailytable.org/store/daily-table-central-square/product/041570072561
 Roasted & Salted Peanuts,Nuts & Dried Fruit,Daily Table,2.99,weight,each,https://centralsquare.dailytable.org/store/daily-table-central-square/product/280506002498
 Raw Cashews,Nuts & Dried Fruit,Daily Table,5.99,weight,each,https://centralsquare.dailytable.org/store/daily-table-central-square/product/280503005997
 Smoked Almonds,Nuts & Dried Fruit,Daily Table,5.49,weight,each,https://centralsquare.dailytable.org/store/daily-table-central-square/product/280509005496
 Walnuts,Nuts & Dried Fruit,Daily Table,4.49,weight,each,https://centralsquare.dailytable.org/store/daily-table-central-square/product/280507003692
 Roasted & Salted Cashews,Nuts & Dried Fruit,Daily Table,6.99,weight,each,https://centralsquare.dailytable.org/store/daily-table-central-square/product/280504005996
 Raw Almonds,Nuts & Dried Fruit,Daily Table,5.69,weight,each,https://centralsquare.dailytable.org/store/daily-table-central-square/product/280500004993
 Roasted & Salted Almonds,Nuts & Dried Fruit,Daily Table,5.99,weight,each,https://centralsquare.dailytable.org/store/daily-table-central-square/product/280501004992
 Roasted & Salted Pistachios,Nuts & Dried Fruit,Daily Table,5.49,weight,each,https://centralsquare.dailytable.org/store/daily-table-central-square/product/280508003998
 Roasted Almonds No Salt,Nuts & Dried Fruit,Daily Table,5.99,weight,each,https://centralsquare.dailytable.org/store/daily-table-central-square/product/280502004991
Ocean Spray Reduced Sugar Craisins,Nuts & Dried Fruit,Ocean Spray,2.49,weight,,https://centralsquare.dailytable.org/store/daily-table-central-square/product/031200001689
 Traditional Smooth & Creamy Cream Cheese,Other Dairy,American Heritage,2.29,weight,each,https://centralsquare.dailytable.org/store/daily-table-central-square/product/030900111308
 All Natural Sour Cream,Other Dairy,Hood,1.99,weight,each,https://centralsquare.dailytable.org/store/daily-table-central-square/product/044100101960
 Country Style Cottage Cheese,Other Dairy,Hood,2.49,weight,each,https://centralsquare.dailytable.org/store/daily-table-central-square/product/044100102066
 Half and Half Ultra-Pasteurized,Other Dairy,Hood,1.69,weight,each,https://centralsquare.dailytable.org/store/daily-table-central-square/product/044100103162
 Ultra Pasteurized Light Cream,Other Dairy,Hood,1.99,weight,each,https://centralsquare.dailytable.org/store/daily-table-central-square/product/044100100628
 Wintergreen,Other Snacks,Cool Mints,0.99,weight,each,https://centralsquare.dailytable.org/store/daily-table-central-square/product/fa7e41da
 Fruit and Nut Trail Mix Bar,Other Snacks,Nature Valley,0.49,weight,each,https://centralsquare.dailytable.org/store/daily-table-central-square/product/39cb2339
 Sweet and Salty Peanut Granola Bar,Other Snacks,Nature Valley,0.49,weight,each,https://centralsquare.dailytable.org/store/daily-table-central-square/product/a42b26fd
 Pepper Mint,Other Snacks,Cool Mints,0.99,weight,each,https://centralsquare.dailytable.org/store/daily-table-central-square/product/65a76e72
" Ranch & Bacon, Pasta & Sauce Mix, 5.9 oz",Pasta,Hamburger Helper,0.99,weight,each,https://centralsquare.dailytable.org/store/daily-table-central-square/product/5a5b084e
 Gluten Free Penne Pasta,Pasta,Full Circle,1.69,weight,each,https://centralsquare.dailytable.org/store/daily-table-central-square/product/036800485068
 Thick & Creamy Macaroni & Cheese,Pasta,Best Yet,0.79,weight,each,https://centralsquare.dailytable.org/store/daily-table-central-square/product/4218742312
 Medium Egg Noodles,Pasta,Best Yet,1.89,weight,each,https://centralsquare.dailytable.org/store/daily-table-central-square/product/4218720514
 Whole Grain Spaghetti,Pasta,Barilla,1.99,weight,each,https://centralsquare.dailytable.org/store/daily-table-central-square/product/076808005844
 Ground Turkey,Poultry Counter,Plainville Farms,3.99,weight,each,https://centralsquare.dailytable.org/store/daily-table-central-square/product/e028387d
Chicken Leg Quarters,Poultry Counter,,1.29,weight,lb,https://centralsquare.dailytable.org/store/daily-table-central-square/product/b38e413b
Chicken Breast Thin-Sliced,Poultry Counter,,2.49,weight,lb,https://centralsquare.dailytable.org/store/daily-table-central-square/product/6b8866ce
"Chicken Drumsticks, Family Pack",Poultry Counter,,1.49,weight,lb,https://centralsquare.dailytable.org/store/daily-table-central-square/product/0614b4b8
"Chicken Breast, Family Pack",Poultry Counter,,1.99,weight,lb,https://centralsquare.dailytable.org/store/daily-table-central-square/product/477e302d
 Mild Mexican Style Chicken Sausage,Poultry Counter,Al Fresco,1.99,weight,each,https://centralsquare.dailytable.org/store/daily-table-central-square/product/db16b721
"Chicken Wings, Family Pack",Poultry Counter,,3.99,weight,lb,https://centralsquare.dailytable.org/store/daily-table-central-square/product/21149900538
"Chicken Thighs Boneless, Skinless",Poultry Counter,,3.99,weight,lb,https://centralsquare.dailytable.org/store/daily-table-central-square/product/21705700316
Chicken Thighs Bone-In Family Pack,Poultry Counter,,1.49,weight,lb,https://centralsquare.dailytable.org/store/daily-table-central-square/product/20101200644
Chicken Tenders,Poultry Counter,,2.99,weight,lb,https://centralsquare.dailytable.org/store/daily-table-central-square/product/21515600530
 Dry Black Beans,"Rice, Grains & Dried Beans",Best Yet,0.99,weight,each,https://centralsquare.dailytable.org/store/daily-table-central-square/product/4218754099
 Light Red Kidney Beans,"Rice, Grains & Dried Beans",Best Yet,1.49,weight,each,https://centralsquare.dailytable.org/store/daily-table-central-square/product/4218740151
 Medium Grain Brown Rice,"Rice, Grains & Dried Beans",Goya,2.49,weight,each,https://centralsquare.dailytable.org/store/daily-table-central-square/product/041331026123
 Long Grain White Rice,"Rice, Grains & Dried Beans",Best Yet,1.99,weight,each,https://centralsquare.dailytable.org/store/daily-table-central-square/product/4218740221
 Suddenly Deli Salad Cucumber Couscous,"Rice, Grains & Dried Beans",Betty Crocker,0.99,weight,each,https://centralsquare.dailytable.org/store/daily-table-central-square/product/7851bfc6
 Blackeye Peas 16 oz,"Rice, Grains & Dried Beans",Jack Rabbit,2.29,weight,each,https://centralsquare.dailytable.org/store/daily-table-central-square/product/f087b8d2
 Parboiled Basmati Rice,"Rice, Grains & Dried Beans",Madame Gougousse,5.69,weight,each,https://centralsquare.dailytable.org/store/daily-table-central-square/product/515a2fd9
 Jasmine Rice,"Rice, Grains & Dried Beans",Madame Gougousse,8.99,weight,each,https://centralsquare.dailytable.org/store/daily-table-central-square/product/e9217baf
Foco Jasmine Rice,"Rice, Grains & Dried Beans",,8.99,weight,each,https://centralsquare.dailytable.org/store/daily-table-central-square/product/a0d6430a
 10 lb Parboiled Rice,"Rice, Grains & Dried Beans",Madame Gougousse,7.99,weight,each,https://centralsquare.dailytable.org/store/daily-table-central-square/product/3e7df1fb
 Long Grain Brown Rice,"Rice, Grains & Dried Beans",Best Yet,1.99,weight,each,https://centralsquare.dailytable.org/store/daily-table-central-square/product/4218700842
 Yellow Split Peas,"Rice, Grains & Dried Beans",Goya,0.99,weight,each,https://centralsquare.dailytable.org/store/daily-table-central-square/product/041331024914
 Red Lentils,"Rice, Grains & Dried Beans",Goya,1.49,weight,each,https://centralsquare.dailytable.org/store/daily-table-central-square/product/041331024969
 Medium Grain White Rice,"Rice, Grains & Dried Beans",Goya,5.99,weight,each,https://centralsquare.dailytable.org/store/daily-table-central-square/product/041331026031
 Medium Grain Brown Rice,"Rice, Grains & Dried Beans",Goya,1.29,weight,each,https://centralsquare.dailytable.org/store/daily-table-central-square/product/041331026130
 Lentils,"Rice, Grains & Dried Beans",Goya,1.49,weight,each,https://centralsquare.dailytable.org/store/daily-table-central-square/product/041331024761
 Fine Corn Meal,"Rice, Grains & Dried Beans",Goya,1.49,weight,each,https://centralsquare.dailytable.org/store/daily-table-central-square/product/041331051002
 Dry Red Kidney Beans,"Rice, Grains & Dried Beans",Goya,1.99,weight,each,https://centralsquare.dailytable.org/store/daily-table-central-square/product/041331024716
 Parboiled Rice,"Rice, Grains & Dried Beans",Madame Gougousse,3.99,weight,each,https://centralsquare.dailytable.org/store/daily-table-central-square/product/f24edcbd
 Dry Black Beans ,"Rice, Grains & Dried Beans",Goya,1.49,weight,each,https://centralsquare.dailytable.org/store/daily-table-central-square/product/041331024792
 Chick Peas Garbanzos ,"Rice, Grains & Dried Beans",Goya,1.79,weight,each,https://centralsquare.dailytable.org/store/daily-table-central-square/product/041331024785
 Golden Parboiled Long Grain Rice,"Rice, Grains & Dried Beans",Canilla,1.39,weight,each,https://centralsquare.dailytable.org/store/daily-table-central-square/product/041331026260
 Extra Long Grain White Rice,"Rice, Grains & Dried Beans",Canilla,4.49,weight,each,https://centralsquare.dailytable.org/store/daily-table-central-square/product/041331026352
 Dry Pinto Beans,"Rice, Grains & Dried Beans",Goya,1.99,weight,each,https://centralsquare.dailytable.org/store/daily-table-central-square/product/041331024723
 Basmati Rice ,"Rice, Grains & Dried Beans",Bombay,1.99,weight,each,https://centralsquare.dailytable.org/store/daily-table-central-square/product/78608100500
Fresh Tuna Line Caught,Seafood,Daily Table,5.99,weight,lb,https://centralsquare.dailytable.org/store/daily-table-central-square/product/26107100461
Fresh Swordfish Line Caught,Seafood,Daily Table,5.99,weight,lb,https://centralsquare.dailytable.org/store/daily-table-central-square/product/26107500323
Fresh Salmon Farm Raised,Seafood,Daily Table,6.99,weight,lb,https://centralsquare.dailytable.org/store/daily-table-central-square/product/26110700419
 Chicken Broth,Soups & Broth,Best Yet,1.69,weight,each,https://centralsquare.dailytable.org/store/daily-table-central-square/product/4218730338
 Reduced Sodium Chicken Broth ,Soups & Broth,Best Yet,1.69,weight,each,https://centralsquare.dailytable.org/store/daily-table-central-square/product/4218730342
Ajinomoto Stock Soup  2.11oz,Soups & Broth,Hondashi,0.89,weight,each,https://centralsquare.dailytable.org/store/daily-table-central-square/product/071757360075
 Beef Broth,Soups & Broth,Best Yet,1.69,weight,each,https://centralsquare.dailytable.org/store/daily-table-central-square/product/4218730337
", Chunky, All Natural Peanut Butter",Spreads,Teddie,2.99,weight,each,https://centralsquare.dailytable.org/store/daily-table-central-square/product/d0545f8c
 Honey Bear,Spreads,Best Yet,3.49,weight,each,https://centralsquare.dailytable.org/store/daily-table-central-square/product/042187265032
 Unsweetened Applesauce 6-pack,Spreads,Best Yet,1.99,weight,each,https://centralsquare.dailytable.org/store/daily-table-central-square/product/4218720546
 Low Sugar Grape Jelly,Spreads,Smucker's,2.99,weight,each,https://centralsquare.dailytable.org/store/daily-table-central-square/product/051500016671
 Low Sugar Strawberry Jelly,Spreads,Smucker's,3.49,weight,each,https://centralsquare.dailytable.org/store/daily-table-central-square/product/051500016695
 Peanut Butter Smooth,Spreads,Teddie,1.99,weight,each,https://centralsquare.dailytable.org/store/daily-table-central-square/product/0cdce955
", Unsalted Smooth, All Natural Peanut Butter",Spreads,Teddie,2.99,weight,each,https://centralsquare.dailytable.org/store/daily-table-central-square/product/071018010176
 Five Spice Tofu,Tofu,Chang Shing,2.49,weight,each,https://centralsquare.dailytable.org/store/daily-table-central-square/product/27977063
 Firm Tofu,Tofu,Chang Shing,1.99,weight,each,https://centralsquare.dailytable.org/store/daily-table-central-square/product/096625016885
 Pressed Tofu,Tofu,Chang Shing,1.99,weight,each,https://centralsquare.dailytable.org/store/daily-table-central-square/product/096625023890
 Multigrain Wraps,Tortillas & Wraps,Joseph's,2.99,weight,each,https://centralsquare.dailytable.org/store/daily-table-central-square/product/074117019507
 Whole Wheat Fajita Style Tortillas,Tortillas & Wraps,Chi Chi's,2.99,weight,each,https://centralsquare.dailytable.org/store/daily-table-central-square/product/043354007905
 Flax Oat Bran Whole Wheat Wraps,Tortillas & Wraps,Joseph's,2.99,weight,each,https://centralsquare.dailytable.org/store/daily-table-central-square/product/074117009959
 Tortillas,Tortillas & Wraps,Mi Tierra,1.49,weight,each,https://centralsquare.dailytable.org/store/daily-table-central-square/product/fa3971b8
 Plain Lowfat Unsweetened Yogurt,Yogurt,La Yogurt,2.49,weight,each,https://centralsquare.dailytable.org/store/daily-table-central-square/product/053600000116
 Plain Whole Milk Unsweetened Yogurt ,Yogurt,La Yogurt,2.49,weight,each,https://centralsquare.dailytable.org/store/daily-table-central-square/product/053600102353
 Plain Fat Free Unsweetened Yogurt ,Yogurt,La Yogurt,2.49,weight,each,https://centralsquare.dailytable.org/store/daily-table-central-square/product/053600101073
 Vanilla Nonfat Yogurt,Yogurt,La Yogurt,0.59,weight,each,https://centralsquare.dailytable.org/store/daily-table-central-square/product/053600000673
 Peach Nonfat Yogurt,Yogurt,La Yogurt,0.59,weight,each,https://centralsquare.dailytable.org/store/daily-table-central-square/product/053600000666
 Blueberry Nonfat Yogurt,Yogurt,La Yogurt,0.59,weight,each,https://centralsquare.dailytable.org/store/daily-table-central-square/product/053600000581
 Strawberry Nonfat Yogurt,Yogurt,La Yogurt,0.59,weight,each,https://centralsquare.dailytable.org/store/daily-table-central-square/product/053600000550
 Vanilla Fat Free Yogurt,Yogurt,La Yogurt,2.49,weight,each,https://centralsquare.dailytable.org/store/daily-table-central-square/product/053600101318
